{
  "id": "2252977",
  "name": "miaomiao",
  "font_family": "iconfont",
  "css_prefix_text": "icon",
  "description": "",
  "glyphs": [
    {
      "icon_id": "15907689",
      "name": "left",
      "font_class": "left",
      "unicode": "e601",
      "unicode_decimal": 58881
    },
    {
      "icon_id": "18261686",
      "name": "right",
      "font_class": "right",
      "unicode": "e630",
      "unicode_decimal": 58928
    },
    {
      "icon_id": "6282769",
      "name": "搜索",
      "font_class": "sousuo",
      "unicode": "e6b9",
      "unicode_decimal": 59065
    },
    {
      "icon_id": "16913185",
      "name": "下拉",
      "font_class": "xiala",
      "unicode": "e64d",
      "unicode_decimal": 58957
    },
    {
      "icon_id": "11372734",
      "name": "影院",
      "font_class": "yingyuan",
      "unicode": "e8c0",
      "unicode_decimal": 59584
    },
    {
      "icon_id": "425652",
      "name": "我的",
      "font_class": "wode",
      "unicode": "e62b",
      "unicode_decimal": 58923
    },
    {
      "icon_id": "1473243",
      "name": "电影",
      "font_class": "dianying",
      "unicode": "e679",
      "unicode_decimal": 59001
    }
  ]
}
